Handle,Title,Body (HTML),Vendor,Product Category,Type,Tags,Published,Option1 Name,Option1 Value,Option1 Linked To,Option2 Name,Option2 Value,Option2 Linked To,Option3 Name,Option3 Value,Option3 Linked To,Variant SKU,Variant Grams,Variant Inventory Tracker,Variant Inventory Qty,Variant Inventory Policy,Variant Fulfillment Service,Variant Price,Variant Compare At Price,Variant Requires Shipping,Variant Taxable,Unit Price Total Measure,Unit Price Total Measure Unit,Unit Price Base Measure,Unit Price Base Measure Unit,Variant Barcodes,Image Src,Image Position,Image Alt Text,Gift Card,SEO Title,SEO Description,Color (product.metafields.shopify.color-pattern),Disclosures (product.metafields.shopify.disclosure),Fabric (product.metafields.shopify.fabric),Neckline (product.metafields.shopify.neckline),Pants length type (product.metafields.shopify.pants-length-type),Size (product.metafields.shopify.size),Sleeve length type (product.metafields.shopify.sleeve-length-type),Top length type (product.metafields.shopify.top-length-type),Variant Image,Variant Weight Unit,Variant Tax Code,Cost per item,Status
a-line-kurti-pant-dupatta-set-with-sanganeri-print,A-line kurti pant dupatta set with sanganeri print,"<p> </p>
<p>*Size available*- *40(L),42(XL),*<br>*44(XXL), 46(3xl)*</p>
<p>*Material - cotton 60,60<br>*Color =3*<br>*Work-Adda work detailing*</p>
<p>Kurti length - 48 inches<br>Pant length - 39 inches<br>Dupatta length- 2.2meter c<br>Sleeves - 3/4 sleeve</p>
<p> </p>",shreefashion,Apparel & Accessories,"",A-line kurti pant dupatta set,true,Size,L,,,,,,,,,0.0,shopify,5,deny,manual,950.00,,true,true,,,,,"",https://cdn.shopify.com/s/files/1/1007/1434/8846/files/rn-image_picker_lib_temp_91c069b6-94cc-4ad7-b188-c7d162371dc4.jpg?v=1789524622,1,"",false,,,,,,,,,,,,kg,,,active
a-line-kurti-pant-dupatta-set-with-sanganeri-print,,,,,,,,,Xl,,,,,,,,,0.0,shopify,5,deny,manual,950.00,,true,true,,,,,"",https://cdn.shopify.com/s/files/1/1007/1434/8846/files/rn-image_picker_lib_temp_208a06fe-adcb-467d-b7b3-944e8e953da6.jpg?v=1789524622,2,"",,,,,,,,,,,,,kg,,,
a-line-kurti-pant-dupatta-set-with-sanganeri-print,,,,,,,,,Xxl,,,,,,,,,0.0,shopify,5,deny,manual,950.00,,true,true,,,,,"",https://cdn.shopify.com/s/files/1/1007/1434/8846/files/rn-image_picker_lib_temp_77f97e8d-f27b-4a73-b691-9bfa3d879083.jpg?v=1789524622,3,"",,,,,,,,,,,,,kg,,,
a-line-kurti-pant-dupatta-set-with-sanganeri-print,,,,,,,,,3xl,,,,,,,,,0.0,shopify,5,deny,manual,950.00,,true,true,,,,,"",https://cdn.shopify.com/s/files/1/1007/1434/8846/files/rn-image_picker_lib_temp_732056ce-da01-4a38-8031-3221e0053607.jpg?v=1789524622,4,"",,,,,,,,,,,,,kg,,,
farshi-salwar-pure-cotton-super-quality-kurta-pant-dupatta-set-very-comforta,Farshi Salwar  Pure Cotton Super Quality Kurta pant Dupatta set,"<p> </p>
<p>*Very comfortable and classy Original Farshi Suit Set Embriodry Kurta with Cotton Farshi Salwar and Chiffon Dupatta set🤩*</p>
<p>*Beautiful Embroidery work on kurta🌸*</p>
<p>*Available colour Mehroon❤️, Green💚, Yellow💛</p>
<p>*⭕️नोट: Sleeves attached inside*</p>
<p>*Fabric - Pure Cotton 60”60*</p>
<p> </p>
<p> </p>",shreefashion,Apparel & Accessories,"",Farshi salwar set,true,Size,M,,Color,maroon,product.metafields.shopify.color-pattern,,,,,0.0,shopify,5,deny,manual,950.00,1050.00,true,true,,,,,"",https://cdn.shopify.com/s/files/1/1007/1434/8846/files/rn-image_picker_lib_temp_8e8f1d72-a66c-4672-a462-e20418431680.jpg?v=1789407135,1,"",false,,,maroon; green-1; yellow,,,,,,,,,kg,,,active
farshi-salwar-pure-cotton-super-quality-kurta-pant-dupatta-set-very-comforta,,,,,,,,,L,,,maroon,,,,,,0.0,shopify,5,deny,manual,950.00,1050.00,true,true,,,,,"",https://cdn.shopify.com/s/files/1/1007/1434/8846/files/rn-image_picker_lib_temp_624131eb-6b42-4796-919a-b003c8402d4c.jpg?v=1789407135,2,"",,,,,,,,,,,,,kg,,,
farshi-salwar-pure-cotton-super-quality-kurta-pant-dupatta-set-very-comforta,,,,,,,,,Xl,,,maroon,,,,,,0.0,shopify,5,deny,manual,950.00,1050.00,true,true,,,,,"",https://cdn.shopify.com/s/files/1/1007/1434/8846/files/rn-image_picker_lib_temp_96c6a604-1b26-4e3f-a3ae-a6351238cc0f.jpg?v=1789407135,3,"",,,,,,,,,,,,,kg,,,
farshi-salwar-pure-cotton-super-quality-kurta-pant-dupatta-set-very-comforta,,,,,,,,,Xxl,,,maroon,,,,,,0.0,shopify,5,deny,manual,950.00,1050.00,true,true,,,,,"",https://cdn.shopify.com/s/files/1/1007/1434/8846/files/rn-image_picker_lib_temp_fb7e8549-7ff5-4e85-ae96-6d3a51d216ee.jpg?v=1789407135,4,"",,,,,,,,,,,,,kg,,,
farshi-salwar-pure-cotton-super-quality-kurta-pant-dupatta-set-very-comforta,,,,,,,,,M,,,green-1,,,,,,0.0,shopify,5,deny,manual,950.00,1050.00,true,true,,,,,"",,,,,,,,,,,,,,,,kg,,,
farshi-salwar-pure-cotton-super-quality-kurta-pant-dupatta-set-very-comforta,,,,,,,,,M,,,yellow,,,,,,0.0,shopify,4,deny,manual,950.00,1050.00,true,true,,,,,"",,,,,,,,,,,,,,,,kg,,,
farshi-salwar-pure-cotton-super-quality-kurta-pant-dupatta-set-very-comforta,,,,,,,,,L,,,green-1,,,,,,0.0,shopify,4,deny,manual,950.00,1050.00,true,true,,,,,"",,,,,,,,,,,,,,,,kg,,,
farshi-salwar-pure-cotton-super-quality-kurta-pant-dupatta-set-very-comforta,,,,,,,,,L,,,yellow,,,,,,0.0,shopify,5,deny,manual,950.00,1050.00,true,true,,,,,"",,,,,,,,,,,,,,,,kg,,,
farshi-salwar-pure-cotton-super-quality-kurta-pant-dupatta-set-very-comforta,,,,,,,,,Xl,,,green-1,,,,,,0.0,shopify,5,deny,manual,950.00,1050.00,true,true,,,,,"",,,,,,,,,,,,,,,,kg,,,
farshi-salwar-pure-cotton-super-quality-kurta-pant-dupatta-set-very-comforta,,,,,,,,,Xl,,,yellow,,,,,,0.0,shopify,2,deny,manual,950.00,1050.00,true,true,,,,,"",,,,,,,,,,,,,,,,kg,,,
farshi-salwar-pure-cotton-super-quality-kurta-pant-dupatta-set-very-comforta,,,,,,,,,Xxl,,,green-1,,,,,,0.0,shopify,3,deny,manual,950.00,1050.00,true,true,,,,,"",,,,,,,,,,,,,,,,kg,,,
farshi-salwar-pure-cotton-super-quality-kurta-pant-dupatta-set-very-comforta,,,,,,,,,Xxl,,,yellow,,,,,,0.0,shopify,4,deny,manual,950.00,1050.00,true,true,,,,,"",,,,,,,,,,,,,,,,kg,,,
farshi-salwar-set-1,Farshi salwar set,"<p>*❤️‍🔥FARSHI SPECIAL NEW LAUNCH❤️‍🔥*</p>
<p>Enjoy our amazing Original Farshi Salwar Set Pure Cotton Super Quality kurta cord set 🥰</p>
<p>Very comfortable and classy<br>Original Farshi Suit Set Kurta with Cotton Embroidery Farshi Salwar.</p>
<p>*Sizes - M (38),L(40),XL(42), XXL(44)*</p>
<p>*Fabric - Pure Cotton 60”60*</p>
<p> </p>",shreefashion,Apparel & Accessories > Clothing,"",Farshi salwar set,true,Size,m,product.metafields.shopify.size,,,,,,,,0.0,shopify,5,deny,manual,750.00,,true,true,,,,,"",https://cdn.shopify.com/s/files/1/1007/1434/8846/files/rn-image_picker_lib_temp_218bac63-e3fd-495b-ac9c-3214a7c38e20.jpg?v=1789398020,1,"",false,,,navy,,cotton,,,m; l; xl; 2xl,,,,kg,,,active
farshi-salwar-set-1,,,,,,,,,l,,,,,,,,,0.0,shopify,5,deny,manual,750.00,,true,true,,,,,"",https://cdn.shopify.com/s/files/1/1007/1434/8846/files/rn-image_picker_lib_temp_238730a5-c49b-4e76-b671-2c73b0210a4a.jpg?v=1789398021,2,"",,,,,,,,,,,,,kg,,,
farshi-salwar-set-1,,,,,,,,,xl,,,,,,,,,0.0,shopify,5,deny,manual,750.00,,true,true,,,,,"",https://cdn.shopify.com/s/files/1/1007/1434/8846/files/rn-image_picker_lib_temp_62a1007c-bccd-407c-a51f-4b29e4450a84.jpg?v=1789398021,3,"",,,,,,,,,,,,,kg,,,
farshi-salwar-set-1,,,,,,,,,2xl,,,,,,,,,0.0,shopify,5,deny,manual,750.00,,true,true,,,,,"",https://cdn.shopify.com/s/files/1/1007/1434/8846/files/rn-image_picker_lib_temp_fc2bf90e-bbd2-4b52-9544-5181e6632dc2.jpg?v=1789398021,4,"",,,,,,,,,,,,,kg,,,
trendy-kurta-plazo-set,Trendy kurta plazo set,"<p>Choco RibbonTrendy</p>
<p>Brown Kurta Palazzo Set 🤎</p>
<p> </p>
<p>🌸 Fabric : *Pure Cotton*</p>
<p>📏 Sizes : *M to XXL*</p>
<p>✔️ Premium Comfort Wear</p>
<p>✔️ Stylish &amp; Trendy Look</p>
<p>✔️ Perfect for Daily &amp; Casual Wear</p>
<p> </p>",shreefashion,Apparel & Accessories > Clothing > Traditional & Ceremonial Clothing > Kurtas & Kurta Sets,"",TrendyBrown kurta plazo set,true,Size,m,product.metafields.shopify.size,,,,,,,,0.0,shopify,5,deny,manual,699.00,,true,true,,,,,"",https://cdn.shopify.com/s/files/1/1007/1434/8846/files/rn-image_picker_lib_temp_876f9e48-6a2d-4c0d-b65e-4040466a08da.jpg?v=1789397676,1,"",false,,,maroon,,cotton,v-neck,,m; l; xl; 2xl,long,,,kg,,,active
trendy-kurta-plazo-set,,,,,,,,,l,,,,,,,,,0.0,shopify,5,deny,manual,699.00,,true,true,,,,,"",https://cdn.shopify.com/s/files/1/1007/1434/8846/files/rn-image_picker_lib_temp_4387dfb1-3f20-46cd-86c1-8e7b539442f5.jpg?v=1789397676,2,"",,,,,,,,,,,,,kg,,,
trendy-kurta-plazo-set,,,,,,,,,xl,,,,,,,,,0.0,shopify,5,deny,manual,699.00,,true,true,,,,,"",,,,,,,,,,,,,,,,kg,,,
trendy-kurta-plazo-set,,,,,,,,,2xl,,,,,,,,,0.0,shopify,5,deny,manual,699.00,,true,true,,,,,"",,,,,,,,,,,,,,,,kg,,,
cord-set,Cord set,"<p>New✨✨<br>Refresh your work wardrobe with beautiful colours co-ord Set ! This cordset cotton 60*60 ensemble is designed for comfort and style, perfect for your busy days.</p>
<p>Beautiful Heavy Embroidery Work on kurti 👌<br>With pant 👖</p>
<p>Top length -34</p>
<p>Pant length -38</p>",shreefashion,Apparel & Accessories > Clothing > Outfit Sets,"","",true,Size,m,product.metafields.shopify.size,,,,,,,,0.0,shopify,4,deny,manual,799.00,,true,true,,,,,"",https://cdn.shopify.com/s/files/1/1007/1434/8846/files/rn-image_picker_lib_temp_c6cb508e-c3b0-45d6-a215-4b6c1734951c.jpg?v=1789350696,1,"",false,,,floral; beige; white,,cotton,,,m; l; xl; 2xl,,,,kg,,,active
cord-set,,,,,,,,,l,,,,,,,,,0.0,shopify,4,deny,manual,799.00,,true,true,,,,,"",https://cdn.shopify.com/s/files/1/1007/1434/8846/files/rn-image_picker_lib_temp_91b9b838-df5b-4988-909f-060eb9ebc375.jpg?v=1789350696,2,"",,,,,,,,,,,,,kg,,,
cord-set,,,,,,,,,xl,,,,,,,,,0.0,shopify,4,deny,manual,799.00,,true,true,,,,,"",https://cdn.shopify.com/s/files/1/1007/1434/8846/files/rn-image_picker_lib_temp_90905de0-d01f-4e34-a441-381d72bed36c.jpg?v=1789350696,3,"",,,,,,,,,,,,,kg,,,
cord-set,,,,,,,,,2xl,,,,,,,,,0.0,shopify,4,deny,manual,799.00,,true,true,,,,,"",https://cdn.shopify.com/s/files/1/1007/1434/8846/files/rn-image_picker_lib_temp_0a16c47e-7c00-4c58-b24a-97b85101e17b.jpg?v=1789350696,4,"",,,,,,,,,,,,,kg,,,
cord-set,,,,,,,,,,,,,,,,,,,,,,,,,,,,,,,"",https://cdn.shopify.com/s/files/1/1007/1434/8846/files/rn-image_picker_lib_temp_279e34a1-492d-4096-a2b1-6ed501dd1c9c.jpg?v=1789350696,5,"",,,,,,,,,,,,,,,,
cord-set,,,,,,,,,,,,,,,,,,,,,,,,,,,,,,,"",https://cdn.shopify.com/s/files/1/1007/1434/8846/files/rn-image_picker_lib_temp_cf7f5427-decb-42ed-903b-5b2c915c37e8.jpg?v=1789350696,6,"",,,,,,,,,,,,,,,,
cord-set,,,,,,,,,,,,,,,,,,,,,,,,,,,,,,,"",https://cdn.shopify.com/s/files/1/1007/1434/8846/files/rn-image_picker_lib_temp_0e4d60b1-b375-4218-9f0c-0078a680c13e.jpg?v=1789350696,7,"",,,,,,,,,,,,,,,,
embroidered-cord-set-paired-with-pant,Embroidered Cord Set Paired With Pant,<p><br>⭐Fabric: *Pure Cotton*<br>⭐ Pocket - *kurti and Pant One Pocket*<br>⭐Colour : *2 Colour*<br>⭐Work:- *Embroidered*<br>⭐Product: *Kurti + Pant*</p>,shreefashion,Apparel & Accessories > Clothing > Outfit Sets,"","",true,Size,m,product.metafields.shopify.size,,,,,,,,0.0,shopify,5,deny,manual,799.00,,true,true,,,,,"",https://cdn.shopify.com/s/files/1/1007/1434/8846/files/rn-image_picker_lib_temp_6d47bb3e-1d05-4718-bea1-3dbdd92e0e47.jpg?v=1789235636,1,"",false,,,,,,,,m; l; xl; 2xl; 3xl,,,,kg,,,active
embroidered-cord-set-paired-with-pant,,,,,,,,,l,,,,,,,,,0.0,shopify,5,deny,manual,799.00,,true,true,,,,,"",https://cdn.shopify.com/s/files/1/1007/1434/8846/files/rn-image_picker_lib_temp_513a6f65-0993-44b1-ba0f-1853ed01cd92.jpg?v=1789235636,2,"",,,,,,,,,,,,,kg,,,
embroidered-cord-set-paired-with-pant,,,,,,,,,xl,,,,,,,,,0.0,shopify,4,deny,manual,799.00,,true,true,,,,,"",https://cdn.shopify.com/s/files/1/1007/1434/8846/files/rn-image_picker_lib_temp_b8dee13e-ce89-46aa-b42e-2084b65fab2d.jpg?v=1789235702,3,"",,,,,,,,,,,,,kg,,,
embroidered-cord-set-paired-with-pant,,,,,,,,,2xl,,,,,,,,,0.0,shopify,5,deny,manual,799.00,,true,true,,,,,"",https://cdn.shopify.com/s/files/1/1007/1434/8846/files/rn-image_picker_lib_temp_c90e8313-8d0f-4ff1-b3bd-b95cf5906147.jpg?v=1789235701,4,"",,,,,,,,,,,,,kg,,,
embroidered-cord-set-paired-with-pant,,,,,,,,,3xl,,,,,,,,,0.0,shopify,5,deny,manual,799.00,,true,true,,,,,"",,,,,,,,,,,,,,,,kg,,,
cord-set-in-aline-pattern-paired-with-ankle-length-palazzo,Cord set in Aline pattern paired with Ankle length palazzo*,"<p> </p>
<p>*Premium embroidery Fine cotton kurti Palazzo set*</p>
<p>*Launching designer Co-erd set in Aline pattern paried with Ankle length palazzo*<br>*Giving perfect outfit and deliberate choice about your look..👑👑*</p>
<p><br> *🧵Fabric -PURE COTTON*60,60*</p>
<p>*Note Two side pocket*</p>
<p> </p>",shreefashion,Apparel & Accessories > Clothing,"","",true,Size,l,product.metafields.shopify.size,,,,,,,,0.0,shopify,5,deny,manual,799.00,,true,true,,,,,"",https://cdn.shopify.com/s/files/1/1007/1434/8846/files/rn-image_picker_lib_temp_0ceff642-017a-432a-8ecb-3922e641d636.jpg?v=1789234634,1,"",false,,,,,,,,l; m; xl; 2xl; 3xl,,,,kg,,,active
cord-set-in-aline-pattern-paired-with-ankle-length-palazzo,,,,,,,,,m,,,,,,,,,0.0,shopify,5,deny,manual,799.00,,true,true,,,,,"",https://cdn.shopify.com/s/files/1/1007/1434/8846/files/rn-image_picker_lib_temp_0021a2bc-cc08-49e8-82bd-9a952579a8b6.jpg?v=1789234634,2,"",,,,,,,,,,,,,kg,,,
cord-set-in-aline-pattern-paired-with-ankle-length-palazzo,,,,,,,,,xl,,,,,,,,,0.0,shopify,5,deny,manual,799.00,,true,true,,,,,"",https://cdn.shopify.com/s/files/1/1007/1434/8846/files/rn-image_picker_lib_temp_8f923da0-40df-43fc-8afe-63edb0a07222.jpg?v=1789234634,3,"",,,,,,,,,,,,,kg,,,
cord-set-in-aline-pattern-paired-with-ankle-length-palazzo,,,,,,,,,2xl,,,,,,,,,0.0,shopify,6,deny,manual,799.00,,true,true,,,,,"",https://cdn.shopify.com/s/files/1/1007/1434/8846/files/rn-image_picker_lib_temp_76f07c7c-5118-41ce-8d2e-70e6247716bb.jpg?v=1789234634,4,"",,,,,,,,,,,,,kg,,,
cord-set-in-aline-pattern-paired-with-ankle-length-palazzo,,,,,,,,,3xl,,,,,,,,,0.0,shopify,5,deny,manual,799.00,,true,true,,,,,"",https://cdn.shopify.com/s/files/1/1007/1434/8846/files/rn-image_picker_lib_temp_bc6c39ef-07cb-45ee-8a4a-e9ed9166134a.jpg?v=1789234634,5,"",,,,,,,,,,,,,kg,,,
cord-set-in-aline-pattern-paired-with-ankle-length-palazzo,,,,,,,,,,,,,,,,,,,,,,,,,,,,,,,"",https://cdn.shopify.com/s/files/1/1007/1434/8846/files/rn-image_picker_lib_temp_49f8776c-fb19-4801-8265-88700c7fcf76.jpg?v=1789234634,6,"",,,,,,,,,,,,,,,,
full-flair-beautiful-gown-with-lace-work,Full flair beautiful gown with lace work,"<p><br>Product Details:-</p>
<p>* Lace detailing on sleeves</p>
<p>*Fabric:- Rayon 140*</p>
<p>*Work:- pum pum lace*</p>
<p>Sizes:~ M to 3XL<br> 38 to 46</p>",shreefashion,Apparel & Accessories,"",Full flair gown,true,Size,M,,,,,,,,,0.0,shopify,8,deny,manual,625.00,,true,true,,,,,"",https://cdn.shopify.com/s/files/1/1007/1434/8846/files/rn-image_picker_lib_temp_4c8bea6d-f722-4a0d-8fb9-2402fc520b7c.jpg?v=1789203372,1,"",false,,,,,,,,,,,,kg,,,active
full-flair-beautiful-gown-with-lace-work,,,,,,,,,L,,,,,,,,,0.0,shopify,6,deny,manual,625.00,,true,true,,,,,"",https://cdn.shopify.com/s/files/1/1007/1434/8846/files/rn-image_picker_lib_temp_1eb82f92-ae1a-47fe-9679-ed54d73b8a26.jpg?v=1789203372,2,"",,,,,,,,,,,,,kg,,,
full-flair-beautiful-gown-with-lace-work,,,,,,,,,Xl,,,,,,,,,0.0,shopify,6,deny,manual,625.00,,true,true,,,,,"",https://cdn.shopify.com/s/files/1/1007/1434/8846/files/rn-image_picker_lib_temp_18e58f4c-644d-4177-a56d-875c98615ed9.jpg?v=1789203372,3,"",,,,,,,,,,,,,kg,,,
full-flair-beautiful-gown-with-lace-work,,,,,,,,,Xxl,,,,,,,,,0.0,shopify,5,deny,manual,625.00,,true,true,,,,,"",,,,,,,,,,,,,,,,kg,,,
full-flair-beautiful-gown-with-lace-work,,,,,,,,,3xl,,,,,,,,,0.0,shopify,5,deny,manual,625.00,,true,true,,,,,"",,,,,,,,,,,,,,,,kg,,,
farshi-salwar-set,Farsi salwar set,"<p>*New farshi salwar set launch</p>
<p>*GOOD QUALITY 👗 FABRICS*</p>
<p>🧶 *Fabric - pure cotton*</p>
<p>👗 *_Type - kurta front embroidery with farshi salwar set_*<br> <br>🧵 *Work - front embroidery heavy manual embroidery work*</p>
<p>📏 *Size - 38/40/42/44*</p>
<p>*</p>",shreefashion,Apparel & Accessories > Clothing,"",Farshi cord set,true,Size,m,product.metafields.shopify.size,,,,,,,,0.0,shopify,5,deny,manual,699.00,850.00,true,true,,,,,"",https://cdn.shopify.com/s/files/1/1007/1434/8846/files/rn-image_picker_lib_temp_f6c37e14-04d2-42e5-9c3f-43ffd44c5d6c.jpg?v=1789188193,1,"",false,,,,,cotton,,,m; l; xl; 2xl,,,,kg,,0.00,active
farshi-salwar-set,,,,,,,,,l,,,,,,,,,0.0,shopify,5,deny,manual,699.00,850.00,true,true,,,,,"",https://cdn.shopify.com/s/files/1/1007/1434/8846/files/rn-image_picker_lib_temp_e98d63d3-745e-4459-859b-de46ed0f2045.jpg?v=1789188193,2,"",,,,,,,,,,,,,kg,,0.00,
farshi-salwar-set,,,,,,,,,xl,,,,,,,,,0.0,shopify,5,deny,manual,699.00,850.00,true,true,,,,,"",https://cdn.shopify.com/s/files/1/1007/1434/8846/files/rn-image_picker_lib_temp_b16325d5-7001-443f-a883-0d11c33d5cc4.jpg?v=1789188193,3,"",,,,,,,,,,,,,kg,,0.00,
farshi-salwar-set,,,,,,,,,2xl,,,,,,,,,0.0,shopify,5,deny,manual,699.00,850.00,true,true,,,,,"",https://cdn.shopify.com/s/files/1/1007/1434/8846/files/rn-image_picker_lib_temp_3d4277eb-3208-4b12-a635-e959cbfc6511.jpg?v=1789188193,4,"",,,,,,,,,,,,,kg,,0.00,
farshi-salwar-set,,,,,,,,,,,,,,,,,,,,,,,,,,,,,,,"",https://cdn.shopify.com/s/files/1/1007/1434/8846/files/rn-image_picker_lib_temp_a74dea99-a623-4443-8e85-dccd63dce862.jpg?v=1789188193,5,"",,,,,,,,,,,,,,,,
farshi-salwar-set,,,,,,,,,,,,,,,,,,,,,,,,,,,,,,,"",https://cdn.shopify.com/s/files/1/1007/1434/8846/files/rn-image_picker_lib_temp_6afa6dc4-6639-45b8-a79d-42944b34141d.jpg?v=1789188193,6,"",,,,,,,,,,,,,,,,
cotton-60-60-kurti-pant-dupatta-set,Cotton 60-60 kurti pant dupatta set,"<p>✔️Comfortable fabric cotton 60-60 <br>✔️Beautiful olive green kurta set with delicate printed detailing ✨<br>✔️ Printed Kurta + Matching Palazzo + Designer Dupatta<br>✔️ Elegant neckline &amp; sleeve detailing<br>✔️ Eye-catching floral print work<br>✔️ Perfect for festive &amp; everyday ethnic wear</p>
<p>🎨4 Colours available 👍 <br>📏Size M to 3XL</p>",shreefashion,Apparel & Accessories > Clothing > Traditional & Ceremonial Clothing > Salwar Kameez & Suit Sets,"",Kurti pant dupatta set,true,Size,m,product.metafields.shopify.size,,,,,,,,0.0,shopify,5,deny,manual,950.00,,true,true,,,,,"",https://cdn.shopify.com/s/files/1/1007/1434/8846/files/rn-image_picker_lib_temp_3d8605f5-ac5f-4d89-b112-f8b22ec9c63f.jpg?v=1789132176,1,"",false,,,floral,,cotton,round,,m; l; xl; 3xl; 2xl,long,,,kg,,,active
cotton-60-60-kurti-pant-dupatta-set,,,,,,,,,l,,,,,,,,,0.0,shopify,5,deny,manual,950.00,,true,true,,,,,"",https://cdn.shopify.com/s/files/1/1007/1434/8846/files/rn-image_picker_lib_temp_89ced323-0411-40df-96d1-edb0160237dc.jpg?v=1789132176,2,"",,,,,,,,,,,,,kg,,,
cotton-60-60-kurti-pant-dupatta-set,,,,,,,,,xl,,,,,,,,,0.0,shopify,5,deny,manual,950.00,,true,true,,,,,"",https://cdn.shopify.com/s/files/1/1007/1434/8846/files/rn-image_picker_lib_temp_e5f5b679-454d-4795-8b7a-e5fdefa1524d.jpg?v=1789132176,3,"",,,,,,,,,,,,,kg,,,
cotton-60-60-kurti-pant-dupatta-set,,,,,,,,,3xl,,,,,,,,,0.0,shopify,5,deny,manual,950.00,,true,true,,,,,"",https://cdn.shopify.com/s/files/1/1007/1434/8846/files/rn-image_picker_lib_temp_8a315173-2fd3-4722-aca7-e35c43836829.jpg?v=1789132176,4,"",,,,,,,,,,,,,kg,,,
cotton-60-60-kurti-pant-dupatta-set,,,,,,,,,2xl,,,,,,,,,0.0,shopify,5,deny,manual,950.00,,true,true,,,,,"",https://cdn.shopify.com/s/files/1/1007/1434/8846/files/rn-image_picker_lib_temp_d752cf5c-9562-458e-861d-890b9e8cc87a.jpg?v=1789132176,5,"",,,,,,,,,,,,,kg,,,
premium-cotton-60-60-suit-set,Premium cotton 60-60 suit set,"<p><br>Elegant kurta with stylish printed yoke, matching pant &amp; beautiful contrast dupatta. Perfect for daily wear, office wear &amp; festive occasions.</p>
<p>✨ Premium Quality<br>✨ Comfortable cotton 60 60 Fabric<br>✨ Trendy &amp; Elegant Look</p>
<p>📏 Sizes: M to 3XL</p>",shreefashion,Apparel & Accessories > Clothing > Traditional & Ceremonial Clothing > Kurtas & Kurta Sets,"",Kurti pant dupatta set,true,Size,m,product.metafields.shopify.size,,,,,,,,0.0,shopify,5,deny,manual,920.00,,true,true,,,,,"",https://cdn.shopify.com/s/files/1/1007/1434/8846/files/rn-image_picker_lib_temp_6c1c2c45-64d8-4a2a-9aae-2073f826a09e.jpg?v=1789131773,1,"",false,,,geometric,,cotton,v-neck,,m; l; xl; 2xl; 3xl,long,,,kg,,,active
premium-cotton-60-60-suit-set,,,,,,,,,l,,,,,,,,,0.0,shopify,5,deny,manual,920.00,,true,true,,,,,"",https://cdn.shopify.com/s/files/1/1007/1434/8846/files/rn-image_picker_lib_temp_815a59be-bfda-4e7e-b4f6-261c37b5ef24.jpg?v=1789131773,2,"",,,,,,,,,,,,,kg,,,
premium-cotton-60-60-suit-set,,,,,,,,,xl,,,,,,,,,0.0,shopify,5,deny,manual,920.00,,true,true,,,,,"",https://cdn.shopify.com/s/files/1/1007/1434/8846/files/rn-image_picker_lib_temp_20e60850-852c-4b04-80c3-afc2c8f9c93c.jpg?v=1789131773,3,"",,,,,,,,,,,,,kg,,,
premium-cotton-60-60-suit-set,,,,,,,,,2xl,,,,,,,,,0.0,shopify,5,deny,manual,920.00,,true,true,,,,,"",https://cdn.shopify.com/s/files/1/1007/1434/8846/files/rn-image_picker_lib_temp_eace95e6-2534-450e-bb74-a3b441c20625.jpg?v=1789131773,4,"",,,,,,,,,,,,,kg,,,
premium-cotton-60-60-suit-set,,,,,,,,,3xl,,,,,,,,,0.0,shopify,5,deny,manual,920.00,,true,true,,,,,"",,,,,,,,,,,,,,,,kg,,,
kurti-with-pant-dupatta,Kurti with pant dupatta,"<p> </p>
<p>*Fabric: cotton 60 60</p>
<p>Kurti Length-45 pant.38.Duptta 2.10. full*<br> <br> *Work - hand work on yok and boder*</p>
<p>*Size:M (38),L(40) XL(42) XXL (44) XXXL(46)*</p>
<p>*</p>
<p>*colour=3*</p>
<p>Elegant design kurti pant with dupatta style for Everyday &amp; occasion wear</p>",shreefashion,Apparel & Accessories > Clothing > Traditional & Ceremonial Clothing > Salwar Kameez & Suit Sets,"",Kurti pant dupatta set,true,Size,xl,product.metafields.shopify.size,,,,,,,,0.0,shopify,4,deny,manual,950.00,,true,true,,,,,"",https://cdn.shopify.com/s/files/1/1007/1434/8846/files/rn-image_picker_lib_temp_70d2766e-cb65-4f56-b1fd-a4daf5abee48.jpg?v=1789062076,1,"",false,,,,,cotton,,,xl; m; l; 2xl; 3xl,3-4,,,kg,,,active
kurti-with-pant-dupatta,,,,,,,,,m,,,,,,,,,0.0,shopify,5,deny,manual,950.00,,true,true,,,,,"",https://cdn.shopify.com/s/files/1/1007/1434/8846/files/rn-image_picker_lib_temp_f94be7c7-0674-4b9e-85df-812b5452cb2b.jpg?v=1789062076,2,"",,,,,,,,,,,,,kg,,,
kurti-with-pant-dupatta,,,,,,,,,l,,,,,,,,,0.0,shopify,5,deny,manual,950.00,,true,true,,,,,"",https://cdn.shopify.com/s/files/1/1007/1434/8846/files/rn-image_picker_lib_temp_067cc12c-d953-4009-a20e-70b278dbca44.jpg?v=1789062076,3,"",,,,,,,,,,,,,kg,,,
kurti-with-pant-dupatta,,,,,,,,,2xl,,,,,,,,,0.0,shopify,5,deny,manual,950.00,,true,true,,,,,"",,,,,,,,,,,,,,,,kg,,,
kurti-with-pant-dupatta,,,,,,,,,3xl,,,,,,,,,0.0,shopify,5,deny,manual,950.00,,true,true,,,,,"",,,,,,,,,,,,,,,,kg,,,
farsi-summer-sets-cotton-suit,Farsi Summer sets cotton suit,"<p> </p>
<p>*Trending Farsi Summer suits ,Featuring beautiful Heavy Suit Set which is beautifully decorated with handwork weaving and prints. It i paired with matching pants and dupatta.*<br>*Pattern*handcrafted Work yoke*<br>*SET-PURE COTTON 60 60*</p>
<p>*WORK-*handwork*<br>*Dupatta Fabric -COTTON Full Duppta*<br>*Farsi pant*<br>*Inclusive: Top, Bottom &amp; Dupatta**[3 piece]*</p>",shreefashion,Apparel & Accessories > Clothing,"","",true,Size,m,product.metafields.shopify.size,,,,,,,,0.0,shopify,5,deny,manual,1050.00,,true,true,,,,,"",https://cdn.shopify.com/s/files/1/1007/1434/8846/files/rn-image_picker_lib_temp_9de56436-5023-455b-9077-27b20b1a41c7.jpg?v=1789060124,1,"",false,,,,,,,,m; l; xl; 2xl; 3xl,,,,kg,,,active
farsi-summer-sets-cotton-suit,,,,,,,,,l,,,,,,,,,0.0,shopify,5,deny,manual,1050.00,,true,true,,,,,"",https://cdn.shopify.com/s/files/1/1007/1434/8846/files/rn-image_picker_lib_temp_b8cd948d-50d0-4963-8a85-3a71403215eb.jpg?v=1789060123,2,"",,,,,,,,,,,,,kg,,,
farsi-summer-sets-cotton-suit,,,,,,,,,xl,,,,,,,,,0.0,shopify,6,deny,manual,1050.00,,true,true,,,,,"",https://cdn.shopify.com/s/files/1/1007/1434/8846/files/rn-image_picker_lib_temp_5106ffe3-1b46-4dd4-ad6c-c857e72c226a.jpg?v=1789060184,3,"",,,,,,,,,,,,,kg,,,
farsi-summer-sets-cotton-suit,,,,,,,,,2xl,,,,,,,,,0.0,shopify,6,deny,manual,1050.00,,true,true,,,,,"",,,,,,,,,,,,,,,,kg,,,
farsi-summer-sets-cotton-suit,,,,,,,,,3xl,,,,,,,,,0.0,shopify,5,deny,manual,1050.00,,true,true,,,,,"",,,,,,,,,,,,,,,,kg,,,
procin-print-kurti-pant-dupatta-set,Procin print kurti pant dupatta set,"<p> </p>
<p>Pure fine Cotton fabric Kurti with Pant with mulmul 100-100 Dupatta</p>
<p> </p>
<p>Fabric: *pure Cotton*</p>
<p>*Procian print*</p>
<p>Product: *Kurti + Pant + Dupatta* </p>
<p>Type: *Fully stitched</p>
<p> </p>",shreefashion,Apparel & Accessories > Clothing > Traditional & Ceremonial Clothing > Salwar Kameez & Suit Sets,"",Procin print kurti pant dupatta set,true,Color,blue,product.metafields.shopify.color-pattern,Size,m,product.metafields.shopify.size,,,,,0.0,shopify,5,deny,manual,950.00,,true,true,,,,,"",https://cdn.shopify.com/s/files/1/1007/1434/8846/files/rn-image_picker_lib_temp_d3676549-d43b-4013-9cf7-8d91a83902aa.jpg?v=1789059803,1,"",false,,,blue,,cotton,,,m; l; xl; 2xl,,,,kg,,,active
procin-print-kurti-pant-dupatta-set,,,,,,,,,blue,,,l,,,,,,0.0,shopify,6,deny,manual,950.00,,true,true,,,,,"",https://cdn.shopify.com/s/files/1/1007/1434/8846/files/rn-image_picker_lib_temp_ddc20c56-5e46-44e0-8347-91a101c0a9f8.jpg?v=1789059804,2,"",,,,,,,,,,,,,kg,,,
procin-print-kurti-pant-dupatta-set,,,,,,,,,blue,,,xl,,,,,,0.0,shopify,5,deny,manual,950.00,,true,true,,,,,"",https://cdn.shopify.com/s/files/1/1007/1434/8846/files/rn-image_picker_lib_temp_e25191e7-f844-4b0f-9c4b-2c6470e40a32.jpg?v=1789059803,3,"",,,,,,,,,,,,,kg,,,
procin-print-kurti-pant-dupatta-set,,,,,,,,,blue,,,2xl,,,,,,0.0,shopify,5,deny,manual,950.00,,true,true,,,,,"",,,,,,,,,,,,,,,,kg,,,
sunflower-hand-embroidery-farshi-salwar-set,Sunflower Hand Embroidery Farshi Salwar Set,"<p>*🌻Sunflower Cord Set*</p>
<p>❤️ Enjoy your Rakhi with our amazing Sunflower Hand Embroidery Farshi Salwar Set Pure Cotton </p>
<p>*Fabric - Pure Cotton 60”60*</p>",shreefashion,Apparel & Accessories > Clothing,"",Farshi cord set,true,Size,m,product.metafields.shopify.size,,,,,,,,0.0,shopify,5,deny,manual,899.00,,true,true,,,,,"",https://cdn.shopify.com/s/files/1/1007/1434/8846/files/rn-image_picker_lib_temp_d03761e0-05b0-468d-bc55-ba75b7d3a30d.jpg?v=1789059458,1,"",false,,,,,,,,m; l; xl; 2xl; 3xl,,,,kg,,,active
sunflower-hand-embroidery-farshi-salwar-set,,,,,,,,,l,,,,,,,,,0.0,shopify,5,deny,manual,899.00,,true,true,,,,,"",https://cdn.shopify.com/s/files/1/1007/1434/8846/files/rn-image_picker_lib_temp_a5d66759-782e-472c-a5a7-aa6b1202105e.jpg?v=1789059458,2,"",,,,,,,,,,,,,kg,,,
sunflower-hand-embroidery-farshi-salwar-set,,,,,,,,,xl,,,,,,,,,0.0,shopify,5,deny,manual,899.00,,true,true,,,,,"",https://cdn.shopify.com/s/files/1/1007/1434/8846/files/rn-image_picker_lib_temp_5502c59e-db1a-40ed-b194-5528cf6afcc7.jpg?v=1789059458,3,"",,,,,,,,,,,,,kg,,,
sunflower-hand-embroidery-farshi-salwar-set,,,,,,,,,2xl,,,,,,,,,0.0,shopify,6,deny,manual,899.00,,true,true,,,,,"",https://cdn.shopify.com/s/files/1/1007/1434/8846/files/rn-image_picker_lib_temp_c583f444-85b6-4a58-8b54-a762023a14e6.jpg?v=1789059458,4,"",,,,,,,,,,,,,kg,,,
sunflower-hand-embroidery-farshi-salwar-set,,,,,,,,,3xl,,,,,,,,,0.0,shopify,5,deny,manual,899.00,,true,true,,,,,"",https://cdn.shopify.com/s/files/1/1007/1434/8846/files/rn-image_picker_lib_temp_36cfa254-e7ed-487d-84d6-7894c9b12f8f.jpg?v=1789059411,5,"",,,,,,,,,,,,,kg,,,
sunflower-hand-embroidery-farshi-salwar-set,,,,,,,,,,,,,,,,,,,,,,,,,,,,,,,"",https://cdn.shopify.com/s/files/1/1007/1434/8846/files/rn-image_picker_lib_temp_5b418356-e5c7-432d-8c43-29c6252b29c6.jpg?v=1789059411,6,"",,,,,,,,,,,,,,,,
sunflower-hand-embroidery-farshi-salwar-set,,,,,,,,,,,,,,,,,,,,,,,,,,,,,,,"",https://cdn.shopify.com/s/files/1/1007/1434/8846/files/rn-image_picker_lib_temp_ad1b4424-71ac-45ad-be8b-2567e5d864a6.jpg?v=1789059411,7,"",,,,,,,,,,,,,,,,
kanjivaram-suit-set,Kanjivaram suit set,"<p> </p>
<p>*✔ Premium Malay Glass Tissue*</p>
<p>*✔ Full Hand Work Waiving Jequard Work*</p>
<p>*✔ Elegant Hand Work Neck*</p>
<p>*Fabric - Pure Malay Glass Tissue*</p>
<p>*Inclusive - Malay Glass Tissue kurta set + Pent + Jaqurd Dupatta (3 piece)🌿*</p>",shreefashion,Apparel & Accessories > Clothing,"",Kanjivaram suit set,true,Size,m,product.metafields.shopify.size,,,,,,,,0.0,shopify,5,deny,manual,1399.00,1500.00,true,true,,,,,"",https://cdn.shopify.com/s/files/1/1007/1434/8846/files/rn-image_picker_lib_temp_9e25929f-5327-46ba-88d0-36b2d7a41493.jpg?v=1789031911,1,"",false,,,,,,,,m; l; xl; 2xl; 3xl,,,,kg,,,active
kanjivaram-suit-set,,,,,,,,,l,,,,,,,,,0.0,shopify,5,deny,manual,1399.00,1500.00,true,true,,,,,"",https://cdn.shopify.com/s/files/1/1007/1434/8846/files/rn-image_picker_lib_temp_3b41efb4-1178-4654-8aa0-9ece71ce8921.jpg?v=1789031911,2,"",,,,,,,,,,,,,kg,,,
kanjivaram-suit-set,,,,,,,,,xl,,,,,,,,,0.0,shopify,5,deny,manual,1399.00,1500.00,true,true,,,,,"",https://cdn.shopify.com/s/files/1/1007/1434/8846/files/rn-image_picker_lib_temp_d5c16c0d-9654-4239-8898-492f6e2eb953.jpg?v=1789031911,3,"",,,,,,,,,,,,,kg,,,
kanjivaram-suit-set,,,,,,,,,2xl,,,,,,,,,0.0,shopify,5,deny,manual,1399.00,1500.00,true,true,,,,,"",https://cdn.shopify.com/s/files/1/1007/1434/8846/files/rn-image_picker_lib_temp_41e53388-4271-416e-b1fb-ab5a83ee44b8.jpg?v=1789031911,4,"",,,,,,,,,,,,,kg,,,
kanjivaram-suit-set,,,,,,,,,3xl,,,,,,,,,0.0,shopify,5,deny,manual,1399.00,1500.00,true,true,,,,,"",https://cdn.shopify.com/s/files/1/1007/1434/8846/files/rn-image_picker_lib_temp_99b3f986-5956-4274-8cc9-7337d59a4594.jpg?v=1789031912,5,"",,,,,,,,,,,,,kg,,,
navratri-special-suits,Navratri special suits,"<p>Beautiful Nayra Cut Kurti with Original Mirror Work </p>
<p>Material - Cotton60*60*</p>
<p>*Work original mirror work*</p>
<p>*Colours: Marron/Black*</p>
<p>Kurti length - 48-50inches<br>Pant length - 38 inches<br>Dupatta length- 2.30 meter</p>",shreefashion,Apparel & Accessories > Clothing > Traditional & Ceremonial Clothing > Salwar Kameez & Suit Sets,"",Navratri special suits,true,Color,black,product.metafields.shopify.color-pattern,Size,m,product.metafields.shopify.size,Fabric,cotton,product.metafields.shopify.fabric,,0.0,shopify,5,deny,manual,970.00,1050.00,true,true,,,,,"",https://cdn.shopify.com/s/files/1/1007/1434/8846/files/rn-image_picker_lib_temp_3ae6951c-5f5f-427b-a753-80831b3f2aed.jpg?v=1788978100,1,"",false,,,black; maroon,,cotton,v-neck,,m; l; xl; 2xl; 3xl,long,,,kg,,,active
navratri-special-suits,,,,,,,,,maroon,,,m,,,cotton,,,0.0,shopify,5,deny,manual,970.00,1050.00,true,true,,,,,"",https://cdn.shopify.com/s/files/1/1007/1434/8846/files/rn-image_picker_lib_temp_3dc608f1-edde-403d-bebe-e6b2293f95bf.jpg?v=1788978100,2,"",,,,,,,,,,,,,kg,,,
navratri-special-suits,,,,,,,,,black,,,l,,,cotton,,,0.0,shopify,5,deny,manual,970.00,1050.00,true,true,,,,,"",https://cdn.shopify.com/s/files/1/1007/1434/8846/files/rn-image_picker_lib_temp_2b28ecfb-fa9f-4088-b76b-847dba9bfe3d.jpg?v=1788978100,3,"",,,,,,,,,,,,,kg,,,
navratri-special-suits,,,,,,,,,black,,,xl,,,cotton,,,0.0,shopify,8,deny,manual,970.00,1050.00,true,true,,,,,"",https://cdn.shopify.com/s/files/1/1007/1434/8846/files/rn-image_picker_lib_temp_15e9fb77-24d0-463b-9457-6e5c3c8bcf85.jpg?v=1788978100,4,"",,,,,,,,,,,,,kg,,,
navratri-special-suits,,,,,,,,,black,,,2xl,,,cotton,,,0.0,shopify,6,deny,manual,970.00,1050.00,true,true,,,,,"",https://cdn.shopify.com/s/files/1/1007/1434/8846/files/rn-image_picker_lib_temp_3f9f0596-8a3f-4714-b6d9-c102b08302eb.jpg?v=1788978100,5,"",,,,,,,,,,,,,kg,,,
navratri-special-suits,,,,,,,,,black,,,3xl,,,cotton,,,0.0,shopify,9,deny,manual,970.00,1050.00,true,true,,,,,"",https://cdn.shopify.com/s/files/1/1007/1434/8846/files/rn-image_picker_lib_temp_34370c10-b2ab-4a4a-8f16-e28877c54375.jpg?v=1788978100,6,"",,,,,,,,,,,,,kg,,,
navratri-special-suits,,,,,,,,,maroon,,,l,,,cotton,,,0.0,shopify,7,deny,manual,970.00,1050.00,true,true,,,,,"",https://cdn.shopify.com/s/files/1/1007/1434/8846/files/rn-image_picker_lib_temp_a5dcc789-123d-4924-8962-3bc7bde09230.jpg?v=1788978100,7,"",,,,,,,,,,,,,kg,,,
navratri-special-suits,,,,,,,,,maroon,,,xl,,,cotton,,,0.0,shopify,7,deny,manual,970.00,1050.00,true,true,,,,,"",,,,,,,,,,,,,,,,kg,,,
navratri-special-suits,,,,,,,,,maroon,,,2xl,,,cotton,,,0.0,shopify,6,deny,manual,970.00,1050.00,true,true,,,,,"",,,,,,,,,,,,,,,,kg,,,
navratri-special-suits,,,,,,,,,maroon,,,3xl,,,cotton,,,0.0,shopify,8,deny,manual,970.00,1050.00,true,true,,,,,"",,,,,,,,,,,,,,,,kg,,,
cotton-siffily-kurti-pant-dupatta-set,Cotton siffily kurti pant dupatta set,"<p><br>Pure cotton SHIFLLY+lino fabric party wear dress with shiffon lahariya (tie dye ) dupatta set</p>
<p>Fabric __ pure cotton 60*60 super+ cotton SHIFLLY+*cotton inner* lino( self lining and square) fabric pure cotton 60*60</p>
<p><br>Kurta __ length 40+""<br>Lining __full cotton fabric lining attached <br>Work __ *beautiful embroidery work and heavy lace work all over kurti*<br>And full moti and sequence work in flowers print beautiful work <br>Lases__ beautiful big size croashia lasses in kurti bottom or sleeve</p>
<p>Pant fabric pure cotton 60*60 (SHIFLLY) with beautiful croashia lasses big size</p>",shreefashion,Apparel & Accessories > Clothing,"",Cotton siffily kurti set,true,Size,m,product.metafields.shopify.size,,,,,,,,0.0,shopify,5,deny,manual,999.00,1200.00,true,true,,,,,"",https://cdn.shopify.com/s/files/1/1007/1434/8846/files/rn-image_picker_lib_temp_f00c346b-e440-4b39-8d4d-9f336f3a985a.jpg?v=1788931871,1,"",false,,,,,cotton,,,m; l; xl; 2xl,,,,kg,,,active
cotton-siffily-kurti-pant-dupatta-set,,,,,,,,,l,,,,,,,,,0.0,shopify,5,deny,manual,999.00,1200.00,true,true,,,,,"",https://cdn.shopify.com/s/files/1/1007/1434/8846/files/rn-image_picker_lib_temp_9cb159e3-129d-4c2e-bb4b-3c5fa7bc1342.jpg?v=1788931871,2,"",,,,,,,,,,,,,kg,,,
cotton-siffily-kurti-pant-dupatta-set,,,,,,,,,xl,,,,,,,,,0.0,shopify,5,deny,manual,999.00,1200.00,true,true,,,,,"",https://cdn.shopify.com/s/files/1/1007/1434/8846/files/rn-image_picker_lib_temp_9ccd631b-a531-41f1-8375-6e73125b97d6.jpg?v=1788931871,3,"",,,,,,,,,,,,,kg,,,
cotton-siffily-kurti-pant-dupatta-set,,,,,,,,,2xl,,,,,,,,,0.0,shopify,5,deny,manual,999.00,1200.00,true,true,,,,,"",https://cdn.shopify.com/s/files/1/1007/1434/8846/files/rn-image_picker_lib_temp_a43f0b9c-ae8f-4030-8926-7ab4bf2c18ae.jpg?v=1788931872,4,"",,,,,,,,,,,,,kg,,,
anarkali-kurti-pant-dupatta-set,Anarkali kurti pant dupatta set,"<p> ANARKALI kurta paired with matching pant made in primium pure cotton fabric with PRINTED duppta . Kurta with embroidery <br>AND yog EMBROIDERY 🪡 SIQUANCE WORK</p>
<p>Size-38 to 46 (M to 3xl)</p>
<p> </p>",shreefashion,Apparel & Accessories > Clothing > Dresses,"","",true,Size,m,product.metafields.shopify.size,,,,,,,,0.0,shopify,5,deny,manual,999.00,,true,true,,,,,"",https://cdn.shopify.com/s/files/1/1007/1434/8846/files/rn-image_picker_lib_temp_7a0d8745-ea21-4f56-b525-e2f8fbe3232b.jpg?v=1788824339,1,"",false,,,,,cotton,,,m; l; xl; 2xl; 3xl,,,,kg,,,active
anarkali-kurti-pant-dupatta-set,,,,,,,,,l,,,,,,,,,0.0,shopify,5,deny,manual,999.00,,true,true,,,,,"",https://cdn.shopify.com/s/files/1/1007/1434/8846/files/rn-image_picker_lib_temp_75d7e69e-6c03-434d-ba9a-f757135c20a6.jpg?v=1788824339,2,"",,,,,,,,,,,,,kg,,,
anarkali-kurti-pant-dupatta-set,,,,,,,,,xl,,,,,,,,,0.0,shopify,5,deny,manual,999.00,,true,true,,,,,"",https://cdn.shopify.com/s/files/1/1007/1434/8846/files/rn-image_picker_lib_temp_36fe5b69-84f7-4114-9fb8-d224d1b2f635.jpg?v=1788824339,3,"",,,,,,,,,,,,,kg,,,
anarkali-kurti-pant-dupatta-set,,,,,,,,,2xl,,,,,,,,,0.0,shopify,5,deny,manual,999.00,,true,true,,,,,"",https://cdn.shopify.com/s/files/1/1007/1434/8846/files/rn-image_picker_lib_temp_8ece7264-7f07-48e9-806c-6eb8c0d01afb.jpg?v=1788824339,4,"",,,,,,,,,,,,,kg,,,
anarkali-kurti-pant-dupatta-set,,,,,,,,,3xl,,,,,,,,,0.0,shopify,5,deny,manual,999.00,,true,true,,,,,"",,,,,,,,,,,,,,,,kg,,,
new-discharge-print-kurti-pant-dupatta-set,New discharge print kurti pant dupatta set,"<p> </p>
<p>*Material* - cotton</p>
<p>*Work* Mirror work</p>
<p>*Size available*- *38,40,42,44,*</p>
<p> </p>",shreefashion,Apparel & Accessories > Clothing > Dresses,"","Cotton siffily kurti set, print kurti with pant",true,Size,m,product.metafields.shopify.size,,,,,,,,0.0,shopify,5,deny,manual,999.00,,true,true,,,,,"",https://cdn.shopify.com/s/files/1/1007/1434/8846/files/rn-image_picker_lib_temp_833e7bb0-035a-4a42-bc34-5ca77c520f12.jpg?v=1788823895,1,"",false,,,mustard-olive-green,,cotton,,,m; l; xl; 2xl,,,,kg,,,active
new-discharge-print-kurti-pant-dupatta-set,,,,,,,,,l,,,,,,,,,0.0,shopify,5,deny,manual,999.00,,true,true,,,,,"",https://cdn.shopify.com/s/files/1/1007/1434/8846/files/rn-image_picker_lib_temp_759ece69-62d6-4be5-ad6c-bcc66e248093.jpg?v=1788823895,2,"",,,,,,,,,,,,,kg,,,
new-discharge-print-kurti-pant-dupatta-set,,,,,,,,,xl,,,,,,,,,0.0,shopify,5,deny,manual,999.00,,true,true,,,,,"",https://cdn.shopify.com/s/files/1/1007/1434/8846/files/rn-image_picker_lib_temp_db1e104f-64be-47f7-b246-6b22cf27d7d9.jpg?v=1788823411,3,"",,,,,,,,,,,,,kg,,,
new-discharge-print-kurti-pant-dupatta-set,,,,,,,,,2xl,,,,,,,,,0.0,shopify,5,deny,manual,999.00,,true,true,,,,,"",https://cdn.shopify.com/s/files/1/1007/1434/8846/files/rn-image_picker_lib_temp_7d0351a3-54e8-48d3-b315-409ee7e680e4.jpg?v=1788823411,4,"",,,,,,,,,,,,,kg,,,
new-discharge-print-kurti-pant-dupatta-set,,,,,,,,,,,,,,,,,,,,,,,,,,,,,,,"",https://cdn.shopify.com/s/files/1/1007/1434/8846/files/rn-image_picker_lib_temp_1a8dfa77-a2d3-412e-9f0f-d1a1c9995919.jpg?v=1788823411,5,"",,,,,,,,,,,,,,,,
special-cord-set-for-festival-session,Special cord set for festival session,"<p> </p>
<p>*Fabric - cotton 60-60*</p>
<p>*Size - m(38), L(40),xl(42) xxl(44),46(3xl)*</p>
<p>*Top - 3/4 sleeves look*<br>*bottom - pant partten*</p>
<p>*Work - Embroidery flower theard work*</p>
<p> </p>",shreefashion,Apparel & Accessories > Clothing,"","",true,Size,m,product.metafields.shopify.size,,,,,,,,0.0,shopify,10,deny,manual,850.00,,true,true,,,,,"",https://cdn.shopify.com/s/files/1/1007/1434/8846/files/rn-image_picker_lib_temp_a15a4644-7511-4132-8e4e-efd4820bdab5.jpg?v=1788810334,1,"",false,,,,,cotton,,,m; l; xl; 2xl; 3xl,,,,kg,,,active
special-cord-set-for-festival-session,,,,,,,,,l,,,,,,,,,0.0,shopify,10,deny,manual,850.00,,true,true,,,,,"",https://cdn.shopify.com/s/files/1/1007/1434/8846/files/rn-image_picker_lib_temp_5ffd8d0d-a07b-463f-a1a7-795486e0dc56.jpg?v=1788810334,2,"",,,,,,,,,,,,,kg,,,
special-cord-set-for-festival-session,,,,,,,,,xl,,,,,,,,,0.0,shopify,10,deny,manual,850.00,,true,true,,,,,"",https://cdn.shopify.com/s/files/1/1007/1434/8846/files/rn-image_picker_lib_temp_ebaee7b6-e346-491d-bd7b-a566c0b8648b.jpg?v=1788810334,3,"",,,,,,,,,,,,,kg,,,
special-cord-set-for-festival-session,,,,,,,,,2xl,,,,,,,,,0.0,shopify,10,deny,manual,850.00,,true,true,,,,,"",https://cdn.shopify.com/s/files/1/1007/1434/8846/files/rn-image_picker_lib_temp_598d8853-274d-4609-8828-18123e36aa55.jpg?v=1788810334,4,"",,,,,,,,,,,,,kg,,,
special-cord-set-for-festival-session,,,,,,,,,3xl,,,,,,,,,0.0,shopify,10,deny,manual,850.00,,true,true,,,,,"",,,,,,,,,,,,,,,,kg,,,
farshi-suit-set,Farshi suit set,<p><br>Heavy Heart Embroidery &amp; Lace Work Farshi Dupatta Set. Stylish Embroidered Sleeves Lace Detailing On Kurta (34) with Embroidered Cotton Farshi Salwar (38) And Pure Cotton Malmal Dupatta (2.20)</p>,shreefashion,Apparel & Accessories > Clothing > Dresses,"","",true,Size,m,product.metafields.shopify.size,Fabric,cotton,product.metafields.shopify.fabric,,,,,0.0,shopify,10,deny,manual,970.00,1100.00,true,true,,,,,"",https://cdn.shopify.com/s/files/1/1007/1434/8846/files/rn-image_picker_lib_temp_d1c27bbf-da62-4f90-91c8-905555cf6279.jpg?v=1788809562,1,"",false,,,,,cotton,,,m; l; xl; 2xl,,,,kg,,,active
farshi-suit-set,,,,,,,,,l,,,cotton,,,,,,0.0,shopify,10,deny,manual,970.00,1100.00,true,true,,,,,"",https://cdn.shopify.com/s/files/1/1007/1434/8846/files/rn-image_picker_lib_temp_57d46aad-6de1-4260-a0cd-91a053ee68a1.jpg?v=1788809562,2,"",,,,,,,,,,,,,kg,,,
farshi-suit-set,,,,,,,,,xl,,,cotton,,,,,,0.0,shopify,10,deny,manual,970.00,1100.00,true,true,,,,,"",https://cdn.shopify.com/s/files/1/1007/1434/8846/files/rn-image_picker_lib_temp_a66413fd-74fd-4e4d-a97a-5b1343b187aa.jpg?v=1788809562,3,"",,,,,,,,,,,,,kg,,,
farshi-suit-set,,,,,,,,,2xl,,,cotton,,,,,,0.0,shopify,10,deny,manual,970.00,1100.00,true,true,,,,,"",,,,,,,,,,,,,,,,kg,,,
petrol-blue-suit,petrol blue suit,"<p>Inclusive: Top, Bottom and Duppta </p>
<p>KURTI LENGTH - 46+INCHES *</p>
<p>ONE SIDE POKET IN KURTI</p>
<p>PANT LENGTH - 39 INCHES</p>
<p>SLEEVES - 3/4 SLEEVE WITH BEAUTIFUL EMRODERY </p>
<p>FEBRIC - COTTON 60*60</p>",shreefashion,Apparel & Accessories > Clothing > Traditional & Ceremonial Clothing > Salwar Kameez & Suit Sets,"","",true,Size,m,product.metafields.shopify.size,,,,,,,,500.0,shopify,5,deny,manual,950.00,1200.00,true,true,,,,,"",https://cdn.shopify.com/s/files/1/1007/1434/8846/files/34.jpg?v=1788695956,1,"",false,,,striped,,cotton,,,m; xl; l; 2xl; 3xl,3-4,,,kg,,,active
petrol-blue-suit,,,,,,,,,xl,,,,,,,,,500.0,shopify,5,deny,manual,950.00,1200.00,true,true,,,,,"",,,,,,,,,,,,,,,,kg,,,
petrol-blue-suit,,,,,,,,,l,,,,,,,,,500.0,shopify,5,deny,manual,950.00,1200.00,true,true,,,,,"",,,,,,,,,,,,,,,,kg,,,
petrol-blue-suit,,,,,,,,,2xl,,,,,,,,,500.0,shopify,5,deny,manual,950.00,1200.00,true,true,,,,,"",,,,,,,,,,,,,,,,kg,,,
petrol-blue-suit,,,,,,,,,3xl,,,,,,,,,500.0,shopify,5,deny,manual,950.00,1200.00,true,true,,,,,"",,,,,,,,,,,,,,,,kg,,,
designer-cotton-kurta-with-pant-set,designer Cotton Kurta with Pant Set,"<p>Length: Kurta pocket 44"", Bottom 38""duptta.2.20<br> Fabric: Soft 60s Premium Cotton<br>Work: Premium   hand work Jaipuri Print<br> Pockets:  Pant pocket with mayani dupatta <br> Daily wear, Office wear &amp; Casual outings ke liye perfect</p>",shreefashion,Apparel & Accessories > Clothing > Traditional & Ceremonial Clothing > Kurtas & Kurta Sets,"","",true,Size,m,product.metafields.shopify.size,,,,,,,,0.0,shopify,5,deny,manual,970.00,1100.00,true,true,,,,,"",https://cdn.shopify.com/s/files/1/1007/1434/8846/files/31.jpg?v=1788695468,1,"",false,,,floral; white,,cotton,,,m; l; xl; 2xl; 3xl,long,,,kg,,,active
designer-cotton-kurta-with-pant-set,,,,,,,,,l,,,,,,,,,0.0,shopify,5,deny,manual,970.00,1100.00,true,true,,,,,"",https://cdn.shopify.com/s/files/1/1007/1434/8846/files/32.jpg?v=1788695468,2,"",,,,,,,,,,,,,kg,,,
designer-cotton-kurta-with-pant-set,,,,,,,,,xl,,,,,,,,,0.0,shopify,5,deny,manual,970.00,1100.00,true,true,,,,,"",https://cdn.shopify.com/s/files/1/1007/1434/8846/files/33.jpg?v=1788695468,3,"",,,,,,,,,,,,,kg,,,
designer-cotton-kurta-with-pant-set,,,,,,,,,2xl,,,,,,,,,0.0,shopify,5,deny,manual,970.00,1100.00,true,true,,,,,"",,,,,,,,,,,,,,,,kg,,,
designer-cotton-kurta-with-pant-set,,,,,,,,,3xl,,,,,,,,,0.0,shopify,5,deny,manual,970.00,1100.00,true,true,,,,,"",,,,,,,,,,,,,,,,kg,,,
cotton-kurta-with-skirt-with-malmal-dupatta,Cotton Kurta with skirt with malmal dupatta,"<p>Length: Kurta pocket 44"", skirt 38""duptta.2.20<br>Fabric: Soft 60s Premium Cotton<br>Work: Premium   hand work Jaipuri Print<br>Pockets:  skirt pocket<br>Style: Daily wear, Office wear &amp; Casual outings ke liye perfect<br></p>",shreefashion,Apparel & Accessories > Clothing > Traditional & Ceremonial Clothing > Kurtas & Kurta Sets,"","",true,Size,3xl,product.metafields.shopify.size,,,,,,,,500.0,shopify,5,deny,manual,950.00,1100.00,true,true,,,,,"",https://cdn.shopify.com/s/files/1/1007/1434/8846/files/28.jpg?v=1788695313,1,"",false,,,floral,,cotton,round,,3xl; 2xl; m; l; xl,long,,,kg,,,active
cotton-kurta-with-skirt-with-malmal-dupatta,,,,,,,,,2xl,,,,,,,,,500.0,shopify,5,deny,manual,950.00,1100.00,true,true,,,,,"",https://cdn.shopify.com/s/files/1/1007/1434/8846/files/29.jpg?v=1788695314,2,"",,,,,,,,,,,,,kg,,,
cotton-kurta-with-skirt-with-malmal-dupatta,,,,,,,,,m,,,,,,,,,500.0,shopify,5,deny,manual,950.00,1100.00,true,true,,,,,"",https://cdn.shopify.com/s/files/1/1007/1434/8846/files/30.jpg?v=1788695314,3,"",,,,,,,,,,,,,kg,,,
cotton-kurta-with-skirt-with-malmal-dupatta,,,,,,,,,l,,,,,,,,,500.0,shopify,5,deny,manual,950.00,1100.00,true,true,,,,,"",,,,,,,,,,,,,,,,kg,,,
cotton-kurta-with-skirt-with-malmal-dupatta,,,,,,,,,xl,,,,,,,,,500.0,shopify,5,deny,manual,950.00,1100.00,true,true,,,,,"",,,,,,,,,,,,,,,,kg,,,
premium-cotton-kurti-pant-dupatta-set,Premium Cotton Kurti Pant Dupatta Set,"<p>It Comes With Pure Cotton</p>
<p>Fabric:- Premium Cotton 60-60<br>Work: Full heavy Embroidery<br></p>",shreefashion,Apparel & Accessories > Clothing > Traditional & Ceremonial Clothing > Salwar Kameez & Suit Sets,"","",true,Color,pink,product.metafields.shopify.color-pattern,Size,m,product.metafields.shopify.size,,,,,500.0,shopify,5,deny,manual,999.00,1400.00,true,true,,,,,"",https://cdn.shopify.com/s/files/1/1007/1434/8846/files/22.jpg?v=1788694869,1,"",false,,,pink; blue; beige,,cotton,round,,m; l; xl; 2xl; 3xl,long,,,kg,,,active
premium-cotton-kurti-pant-dupatta-set,,,,,,,,,pink,,,l,,,,,,500.0,shopify,5,deny,manual,999.00,1400.00,true,true,,,,,"",https://cdn.shopify.com/s/files/1/1007/1434/8846/files/23.jpg?v=1788694870,2,"",,,,,,,,,,,,,kg,,,
premium-cotton-kurti-pant-dupatta-set,,,,,,,,,pink,,,xl,,,,,,500.0,shopify,5,deny,manual,999.00,1400.00,true,true,,,,,"",https://cdn.shopify.com/s/files/1/1007/1434/8846/files/24.jpg?v=1788694869,3,"",,,,,,,,,,,,,kg,,,
premium-cotton-kurti-pant-dupatta-set,,,,,,,,,pink,,,2xl,,,,,,500.0,shopify,5,deny,manual,999.00,1400.00,true,true,,,,,"",https://cdn.shopify.com/s/files/1/1007/1434/8846/files/25.jpg?v=1788694870,4,"",,,,,,,,,,,,,kg,,,
premium-cotton-kurti-pant-dupatta-set,,,,,,,,,pink,,,3xl,,,,,,500.0,shopify,5,deny,manual,999.00,1400.00,true,true,,,,,"",https://cdn.shopify.com/s/files/1/1007/1434/8846/files/26.jpg?v=1788694870,5,"",,,,,,,,,,,,,kg,,,
premium-cotton-kurti-pant-dupatta-set,,,,,,,,,blue,,,m,,,,,,500.0,shopify,5,deny,manual,999.00,1400.00,true,true,,,,,"",https://cdn.shopify.com/s/files/1/1007/1434/8846/files/27.jpg?v=1788694870,6,"",,,,,,,,,,,,,kg,,,
premium-cotton-kurti-pant-dupatta-set,,,,,,,,,blue,,,l,,,,,,500.0,shopify,5,deny,manual,999.00,1400.00,true,true,,,,,"",,,,,,,,,,,,,,,,kg,,,
premium-cotton-kurti-pant-dupatta-set,,,,,,,,,blue,,,xl,,,,,,500.0,shopify,5,deny,manual,999.00,1400.00,true,true,,,,,"",,,,,,,,,,,,,,,,kg,,,
premium-cotton-kurti-pant-dupatta-set,,,,,,,,,blue,,,2xl,,,,,,500.0,shopify,4,deny,manual,999.00,1400.00,true,true,,,,,"",,,,,,,,,,,,,,,,kg,,,
premium-cotton-kurti-pant-dupatta-set,,,,,,,,,blue,,,3xl,,,,,,500.0,shopify,5,deny,manual,999.00,1400.00,true,true,,,,,"",,,,,,,,,,,,,,,,kg,,,
premium-cotton-kurti-pant-dupatta-set,,,,,,,,,beige,,,m,,,,,,500.0,shopify,5,deny,manual,999.00,1400.00,true,true,,,,,"",,,,,,,,,,,,,,,,kg,,,
premium-cotton-kurti-pant-dupatta-set,,,,,,,,,beige,,,l,,,,,,500.0,shopify,5,deny,manual,999.00,1400.00,true,true,,,,,"",,,,,,,,,,,,,,,,kg,,,
premium-cotton-kurti-pant-dupatta-set,,,,,,,,,beige,,,xl,,,,,,500.0,shopify,5,deny,manual,999.00,1400.00,true,true,,,,,"",,,,,,,,,,,,,,,,kg,,,
premium-cotton-kurti-pant-dupatta-set,,,,,,,,,beige,,,2xl,,,,,,500.0,shopify,5,deny,manual,999.00,1400.00,true,true,,,,,"",,,,,,,,,,,,,,,,kg,,,
premium-cotton-kurti-pant-dupatta-set,,,,,,,,,beige,,,3xl,,,,,,500.0,shopify,5,deny,manual,999.00,1400.00,true,true,,,,,"",,,,,,,,,,,,,,,,kg,,,
angrakha-style-kurta-set,Angrakha style kurta set,"<p>Material - cotton </p>
<p>Work sequence katha  work</p>
<p>Kurti length - 48-50inches<br>Pant length - 38 inches<br>Dupatta length- 2.1meter <br></p>",shreefashion,Apparel & Accessories > Clothing > Traditional & Ceremonial Clothing > Kurtas & Kurta Sets,"","",true,Size,m,product.metafields.shopify.size,Color,red,product.metafields.shopify.color-pattern,,,,,500.0,shopify,5,deny,manual,950.00,1200.00,true,true,,,,,"",https://cdn.shopify.com/s/files/1/1007/1434/8846/files/21.jpg?v=1788694062,1,"",false,,,red,,cotton,round,,m; l; xl; 2xl; 3xl,3-4,,,kg,,,active
angrakha-style-kurta-set,,,,,,,,,l,,,red,,,,,,500.0,shopify,5,deny,manual,950.00,1200.00,true,true,,,,,"",https://cdn.shopify.com/s/files/1/1007/1434/8846/files/20.jpg?v=1788694062,2,"",,,,,,,,,,,,,kg,,,
angrakha-style-kurta-set,,,,,,,,,xl,,,red,,,,,,500.0,shopify,5,deny,manual,950.00,1200.00,true,true,,,,,"",,,,,,,,,,,,,,,,kg,,,
angrakha-style-kurta-set,,,,,,,,,2xl,,,red,,,,,,500.0,shopify,5,deny,manual,950.00,1200.00,true,true,,,,,"",,,,,,,,,,,,,,,,kg,,,
angrakha-style-kurta-set,,,,,,,,,3xl,,,red,,,,,,500.0,shopify,5,deny,manual,950.00,1200.00,true,true,,,,,"",,,,,,,,,,,,,,,,kg,,,
cotton-kurta-pent-and-dupatta-sets,Cotton Kurta pent and Dupatta Sets,"<p>Inclusive: Top &amp; Bottom with dupatta </p>
<p>KURTI LENGTH - 46-INCHES</p>
<p>PANT LENGTH - 39 INCHES</p>
<p>SLEEVES - 3/4 SLEEVE </p>
<p>FABRIC - COTTON 60*60<br></p>",shreefashion,Apparel & Accessories > Clothing > Traditional & Ceremonial Clothing > Kurtas & Kurta Sets,"","",true,Size,m,product.metafields.shopify.size,Color,red,product.metafields.shopify.color-pattern,,,,,500.0,shopify,5,deny,manual,970.00,1200.00,true,true,,,,,"",https://cdn.shopify.com/s/files/1/1007/1434/8846/files/17.jpg?v=1788691891,1,"",false,,,red,,cotton,round,,m; l; xl; 2xl; 3xl,3-4,,,kg,,,active
cotton-kurta-pent-and-dupatta-sets,,,,,,,,,l,,,red,,,,,,500.0,shopify,5,deny,manual,970.00,1200.00,true,true,,,,,"",https://cdn.shopify.com/s/files/1/1007/1434/8846/files/18.jpg?v=1788691892,2,"",,,,,,,,,,,,,kg,,,
cotton-kurta-pent-and-dupatta-sets,,,,,,,,,xl,,,red,,,,,,500.0,shopify,5,deny,manual,970.00,1200.00,true,true,,,,,"",https://cdn.shopify.com/s/files/1/1007/1434/8846/files/19.jpg?v=1788691892,3,"",,,,,,,,,,,,,kg,,,
cotton-kurta-pent-and-dupatta-sets,,,,,,,,,2xl,,,red,,,,,,500.0,shopify,5,deny,manual,970.00,1200.00,true,true,,,,,"",,,,,,,,,,,,,,,,kg,,,
cotton-kurta-pent-and-dupatta-sets,,,,,,,,,3xl,,,red,,,,,,500.0,shopify,5,deny,manual,970.00,1200.00,true,true,,,,,"",,,,,,,,,,,,,,,,kg,,,
ajrakh-anarkali-plazo-suit,Ajrakh Anarkali plazo suit,<p>Fabric Details:<br>Kurta Fabric-  Cotton 60 60 <br>Bottom Fabric- Cotton  60 60 <br>Dupatta Fabric- Cotton Mulmul</p>,shreefashion,Apparel & Accessories > Clothing > Traditional & Ceremonial Clothing > Salwar Kameez & Suit Sets,"","",true,Size,m,product.metafields.shopify.size,Color,navy,product.metafields.shopify.color-pattern,,,,,500.0,shopify,5,deny,manual,950.00,1300.00,true,true,,,,,"",https://cdn.shopify.com/s/files/1/1007/1434/8846/files/13.jpg?v=1788690983,1,"",false,,,navy; red,,cotton,round,,m; l; xl; 2xl; 3xl; 4xl,long,,,kg,,,active
ajrakh-anarkali-plazo-suit,,,,,,,,,m,,,red,,,,,,500.0,shopify,5,deny,manual,950.00,1300.00,true,true,,,,,"",https://cdn.shopify.com/s/files/1/1007/1434/8846/files/14.jpg?v=1788690982,2,"",,,,,,,,,,,,,kg,,,
ajrakh-anarkali-plazo-suit,,,,,,,,,l,,,navy,,,,,,500.0,shopify,5,deny,manual,950.00,1300.00,true,true,,,,,"",https://cdn.shopify.com/s/files/1/1007/1434/8846/files/15.jpg?v=1788690983,3,"",,,,,,,,,,,,,kg,,,
ajrakh-anarkali-plazo-suit,,,,,,,,,l,,,red,,,,,,500.0,shopify,5,deny,manual,950.00,1300.00,true,true,,,,,"",https://cdn.shopify.com/s/files/1/1007/1434/8846/files/16.jpg?v=1788690983,4,"",,,,,,,,,,,,,kg,,,
ajrakh-anarkali-plazo-suit,,,,,,,,,xl,,,navy,,,,,,500.0,shopify,5,deny,manual,950.00,1300.00,true,true,,,,,"",,,,,,,,,,,,,,,,kg,,,
ajrakh-anarkali-plazo-suit,,,,,,,,,xl,,,red,,,,,,500.0,shopify,5,deny,manual,950.00,1300.00,true,true,,,,,"",,,,,,,,,,,,,,,,kg,,,
ajrakh-anarkali-plazo-suit,,,,,,,,,2xl,,,navy,,,,,,500.0,shopify,5,deny,manual,950.00,1300.00,true,true,,,,,"",,,,,,,,,,,,,,,,kg,,,
ajrakh-anarkali-plazo-suit,,,,,,,,,2xl,,,red,,,,,,500.0,shopify,5,deny,manual,950.00,1300.00,true,true,,,,,"",,,,,,,,,,,,,,,,kg,,,
ajrakh-anarkali-plazo-suit,,,,,,,,,3xl,,,navy,,,,,,500.0,shopify,5,deny,manual,950.00,1300.00,true,true,,,,,"",,,,,,,,,,,,,,,,kg,,,
ajrakh-anarkali-plazo-suit,,,,,,,,,3xl,,,red,,,,,,500.0,shopify,5,deny,manual,950.00,1300.00,true,true,,,,,"",,,,,,,,,,,,,,,,kg,,,
ajrakh-anarkali-plazo-suit,,,,,,,,,4xl,,,navy,,,,,,500.0,shopify,5,deny,manual,950.00,1300.00,true,true,,,,,"",,,,,,,,,,,,,,,,kg,,,
ajrakh-anarkali-plazo-suit,,,,,,,,,4xl,,,red,,,,,,500.0,shopify,5,deny,manual,950.00,1300.00,true,true,,,,,"",,,,,,,,,,,,,,,,kg,,,
spacial-coord-set-for-summers-1,Spacial coord set for summers,"<p>Fabric - cotton 60-60</p>
<p> Top - 3/4 sleeves look<br>bottom - pant  partten</p>
<p>Button -  one side pocket in top</p>
<p>Work -  Embroidery flower theard work<br></p>",shreefashion,Apparel & Accessories > Clothing > Outfit Sets,"","",true,Size,m,product.metafields.shopify.size,Color,geometric,product.metafields.shopify.color-pattern,,,,,500.0,shopify,5,deny,manual,750.00,,true,true,,,,,"",https://cdn.shopify.com/s/files/1/1007/1434/8846/files/7_9e94ab99-37b5-4baa-9f9a-a82de0cb8cad.jpg?v=1788688494,1,"",false,,,geometric; red; mustard-olive-green; blue,,cotton,v-neck,long,m; l; xl; 2xl,3-4,,,kg,,,active
spacial-coord-set-for-summers-1,,,,,,,,,m,,,red,,,,,,500.0,shopify,5,deny,manual,750.00,,true,true,,,,,"",https://cdn.shopify.com/s/files/1/1007/1434/8846/files/8_76f9a7d9-235e-4d5a-bfe7-25fd4125f232.jpg?v=1788688494,2,"",,,,,,,,,,,,,kg,,,
spacial-coord-set-for-summers-1,,,,,,,,,m,,,mustard-olive-green,,,,,,500.0,shopify,5,deny,manual,750.00,,true,true,,,,,"",https://cdn.shopify.com/s/files/1/1007/1434/8846/files/9_d5eba9c1-7d09-4292-9e30-9d0fa19a3796.jpg?v=1788688494,3,"",,,,,,,,,,,,,kg,,,
spacial-coord-set-for-summers-1,,,,,,,,,m,,,blue,,,,,,500.0,shopify,5,deny,manual,750.00,,true,true,,,,,"",https://cdn.shopify.com/s/files/1/1007/1434/8846/files/10_4739901b-70a7-4a42-b515-f89a7c3e3783.jpg?v=1788688494,4,"",,,,,,,,,,,,,kg,,,
spacial-coord-set-for-summers-1,,,,,,,,,l,,,geometric,,,,,,500.0,shopify,5,deny,manual,750.00,,true,true,,,,,"",https://cdn.shopify.com/s/files/1/1007/1434/8846/files/11_0703a344-1a4f-442d-a042-19588961d6f0.jpg?v=1788688494,5,"",,,,,,,,,,,,,kg,,,
spacial-coord-set-for-summers-1,,,,,,,,,l,,,red,,,,,,500.0,shopify,5,deny,manual,750.00,,true,true,,,,,"",https://cdn.shopify.com/s/files/1/1007/1434/8846/files/12_fbc4f074-e9f3-4504-b5d0-0d48de56e576.jpg?v=1788688494,6,"",,,,,,,,,,,,,kg,,,
spacial-coord-set-for-summers-1,,,,,,,,,l,,,mustard-olive-green,,,,,,500.0,shopify,5,deny,manual,750.00,,true,true,,,,,"",,,,,,,,,,,,,,,,kg,,,
spacial-coord-set-for-summers-1,,,,,,,,,l,,,blue,,,,,,500.0,shopify,5,deny,manual,750.00,,true,true,,,,,"",,,,,,,,,,,,,,,,kg,,,
spacial-coord-set-for-summers-1,,,,,,,,,xl,,,geometric,,,,,,500.0,shopify,5,deny,manual,750.00,,true,true,,,,,"",,,,,,,,,,,,,,,,kg,,,
spacial-coord-set-for-summers-1,,,,,,,,,xl,,,red,,,,,,500.0,shopify,5,deny,manual,750.00,,true,true,,,,,"",,,,,,,,,,,,,,,,kg,,,
spacial-coord-set-for-summers-1,,,,,,,,,xl,,,mustard-olive-green,,,,,,500.0,shopify,5,deny,manual,750.00,,true,true,,,,,"",,,,,,,,,,,,,,,,kg,,,
spacial-coord-set-for-summers-1,,,,,,,,,xl,,,blue,,,,,,500.0,shopify,5,deny,manual,750.00,,true,true,,,,,"",,,,,,,,,,,,,,,,kg,,,
spacial-coord-set-for-summers-1,,,,,,,,,2xl,,,geometric,,,,,,500.0,shopify,5,deny,manual,750.00,,true,true,,,,,"",,,,,,,,,,,,,,,,kg,,,
spacial-coord-set-for-summers-1,,,,,,,,,2xl,,,red,,,,,,500.0,shopify,5,deny,manual,750.00,,true,true,,,,,"",,,,,,,,,,,,,,,,kg,,,
spacial-coord-set-for-summers-1,,,,,,,,,2xl,,,mustard-olive-green,,,,,,500.0,shopify,5,deny,manual,750.00,,true,true,,,,,"",,,,,,,,,,,,,,,,kg,,,
spacial-coord-set-for-summers-1,,,,,,,,,2xl,,,blue,,,,,,500.0,shopify,5,deny,manual,750.00,,true,true,,,,,"",,,,,,,,,,,,,,,,kg,,,
spacial-coord-set-for-summers,Special cord set for summers,"<p>Fabric - mal cotton with attech lining both pant and top</p>
<p> Top - 3/4 sleeves   look<br>bottom - pant  parttern</p>
<p>Button - fancy button both side pocket in top</p>
<p>Work - Embroidery flower theard work</p>",shreefashion,Apparel & Accessories > Clothing > Outfit Sets,"","",true,Size,3xl,product.metafields.shopify.size,Color,beige,product.metafields.shopify.color-pattern,,,,,500.0,shopify,5,deny,manual,950.00,1300.00,true,true,,,,,"",https://cdn.shopify.com/s/files/1/1007/1434/8846/files/3.jpg?v=1788681023,1,"",false,,,beige; pink; green,,cotton,round,long,3xl; 2xl; xl; l; m,3-4,long,,kg,,,active
spacial-coord-set-for-summers,,,,,,,,,3xl,,,pink,,,,,,500.0,shopify,5,deny,manual,950.00,1300.00,true,true,,,,,"",https://cdn.shopify.com/s/files/1/1007/1434/8846/files/4.jpg?v=1788681024,2,"",,,,,,,,,,,,,kg,,,
spacial-coord-set-for-summers,,,,,,,,,3xl,,,green,,,,,,500.0,shopify,5,deny,manual,950.00,1300.00,true,true,,,,,"",https://cdn.shopify.com/s/files/1/1007/1434/8846/files/5.jpg?v=1788681023,3,"",,,,,,,,,,,,,kg,,,
spacial-coord-set-for-summers,,,,,,,,,2xl,,,beige,,,,,,500.0,shopify,5,deny,manual,950.00,1300.00,true,true,,,,,"",https://cdn.shopify.com/s/files/1/1007/1434/8846/files/6.jpg?v=1788681023,4,"",,,,,,,,,,,,,kg,,,
spacial-coord-set-for-summers,,,,,,,,,2xl,,,pink,,,,,,500.0,shopify,5,deny,manual,950.00,1300.00,true,true,,,,,"",,,,,,,,,,,,,,,,kg,,,
spacial-coord-set-for-summers,,,,,,,,,2xl,,,green,,,,,,500.0,shopify,5,deny,manual,950.00,1300.00,true,true,,,,,"",,,,,,,,,,,,,,,,kg,,,
spacial-coord-set-for-summers,,,,,,,,,xl,,,beige,,,,,,500.0,shopify,5,deny,manual,950.00,1300.00,true,true,,,,,"",,,,,,,,,,,,,,,,kg,,,
spacial-coord-set-for-summers,,,,,,,,,xl,,,pink,,,,,,500.0,shopify,5,deny,manual,950.00,1300.00,true,true,,,,,"",,,,,,,,,,,,,,,,kg,,,
spacial-coord-set-for-summers,,,,,,,,,xl,,,green,,,,,,500.0,shopify,5,deny,manual,950.00,1300.00,true,true,,,,,"",,,,,,,,,,,,,,,,kg,,,
spacial-coord-set-for-summers,,,,,,,,,l,,,beige,,,,,,500.0,shopify,5,deny,manual,950.00,1300.00,true,true,,,,,"",,,,,,,,,,,,,,,,kg,,,
spacial-coord-set-for-summers,,,,,,,,,l,,,pink,,,,,,500.0,shopify,5,deny,manual,950.00,1300.00,true,true,,,,,"",,,,,,,,,,,,,,,,kg,,,
spacial-coord-set-for-summers,,,,,,,,,l,,,green,,,,,,500.0,shopify,5,deny,manual,950.00,1300.00,true,true,,,,,"",,,,,,,,,,,,,,,,kg,,,
spacial-coord-set-for-summers,,,,,,,,,m,,,beige,,,,,,500.0,shopify,5,deny,manual,950.00,1300.00,true,true,,,,,"",,,,,,,,,,,,,,,,kg,,,
spacial-coord-set-for-summers,,,,,,,,,m,,,pink,,,,,,500.0,shopify,5,deny,manual,950.00,1300.00,true,true,,,,,"",,,,,,,,,,,,,,,,kg,,,
spacial-coord-set-for-summers,,,,,,,,,m,,,green,,,,,,500.0,shopify,5,deny,manual,950.00,1300.00,true,true,,,,,"",,,,,,,,,,,,,,,,kg,,,
pure-cotton-embroidery-print-kurti-with-pant-and-mulmul-printed-dupatta,Pure Cotton embroidery print kurti with pant and mulmul printed dupatta,"<p>Fabric -: Cotton*60*60</p>
<p>Kurti length -: 46+ inches<br>Pant Length-: 38 inches</p>
<p>work  = pintex, embroidery and tasal work</p>",shreefashion,Apparel & Accessories > Clothing > Traditional & Ceremonial Clothing > Kurtas & Kurta Sets,"","embroidery print kurti with pant, print kurti with pant",true,Size,4xl,product.metafields.shopify.size,,,,,,,,500.0,shopify,5,deny,manual,999.00,1200.00,true,true,,,,,"",https://cdn.shopify.com/s/files/1/1007/1434/8846/files/1.jpg?v=1788678601,1,"",false,,,floral,,cotton,round,,4xl; 3xl; 2xl; xl; l; m,short,,,kg,,,active
pure-cotton-embroidery-print-kurti-with-pant-and-mulmul-printed-dupatta,,,,,,,,,3xl,,,,,,,,,500.0,shopify,5,deny,manual,999.00,1200.00,true,true,,,,,"",https://cdn.shopify.com/s/files/1/1007/1434/8846/files/2_3205f1d8-7ad7-458d-93c2-bb6e0803e730.jpg?v=1788678601,2,"",,,,,,,,,,,,,kg,,,
pure-cotton-embroidery-print-kurti-with-pant-and-mulmul-printed-dupatta,,,,,,,,,2xl,,,,,,,,,500.0,shopify,5,deny,manual,999.00,1200.00,true,true,,,,,"",,,,,,,,,,,,,,,,kg,,,
pure-cotton-embroidery-print-kurti-with-pant-and-mulmul-printed-dupatta,,,,,,,,,xl,,,,,,,,,500.0,shopify,5,deny,manual,999.00,1200.00,true,true,,,,,"",,,,,,,,,,,,,,,,kg,,,
pure-cotton-embroidery-print-kurti-with-pant-and-mulmul-printed-dupatta,,,,,,,,,l,,,,,,,,,500.0,shopify,5,deny,manual,999.00,1200.00,true,true,,,,,"",,,,,,,,,,,,,,,,kg,,,
pure-cotton-embroidery-print-kurti-with-pant-and-mulmul-printed-dupatta,,,,,,,,,m,,,,,,,,,500.0,shopify,5,deny,manual,999.00,1200.00,true,true,,,,,"",,,,,,,,,,,,,,,,kg,,,
straight-a-line-kurta-both-side-pocket-set-with-pant-dupatta,straight  A line kurta both side pocket set with pant dupatta,<p><br>*Kurti length - 44-45 inches*<br>*Pant length - 38 inches*<br>*Dupatta length- 2.30meter*<br>*Sleeves - 3/4 sleeves</p>,shreefashion,Apparel & Accessories > Clothing > Suits,"","",true,Size,m,product.metafields.shopify.size,,,,,,,,0.0,shopify,5,deny,manual,999.00,1100.00,true,true,,,,,"",https://cdn.shopify.com/s/files/1/1007/1434/8846/files/rn-image_picker_lib_temp_344cc21b-3c5f-4efc-978a-3ab162af4e87.jpg?v=1788630161,1,"",false,,,,,cotton,,,m; l; xl; 2xl; 3xl,,,,kg,,,active
straight-a-line-kurta-both-side-pocket-set-with-pant-dupatta,,,,,,,,,l,,,,,,,,,0.0,shopify,5,deny,manual,999.00,1100.00,true,true,,,,,"",https://cdn.shopify.com/s/files/1/1007/1434/8846/files/rn-image_picker_lib_temp_ba5f8d37-e81f-48f2-aedb-55b96e600738.jpg?v=1788630161,2,"",,,,,,,,,,,,,kg,,,
straight-a-line-kurta-both-side-pocket-set-with-pant-dupatta,,,,,,,,,xl,,,,,,,,,0.0,shopify,5,deny,manual,999.00,1100.00,true,true,,,,,"",https://cdn.shopify.com/s/files/1/1007/1434/8846/files/rn-image_picker_lib_temp_ec4197ce-1bd5-402d-a264-20fc379d2261.jpg?v=1788630223,3,"",,,,,,,,,,,,,kg,,,
straight-a-line-kurta-both-side-pocket-set-with-pant-dupatta,,,,,,,,,2xl,,,,,,,,,0.0,shopify,5,deny,manual,999.00,1100.00,true,true,,,,,"",,,,,,,,,,,,,,,,kg,,,
straight-a-line-kurta-both-side-pocket-set-with-pant-dupatta,,,,,,,,,3xl,,,,,,,,,0.0,shopify,5,deny,manual,999.00,1100.00,true,true,,,,,"",,,,,,,,,,,,,,,,kg,,,
